name,city,state,type,stream,fees,cutoff,rank,exam,rating,placement_rate,avg_package,top_recruiters,facilities
IIT Indore,Indore,Madhya Pradesh,Government / IIT / NIT,Science (PCM),250000,95,16,JEE,4.8,96%,Rs 21 LPA,"Google, Microsoft, Amazon, Atlassian, Goldman Sachs","Wi-Fi Campus, Library, Cafeteria, AC Hostels, Olympic Sports Complex, Research Labs, Gym, Auditorium"
IET DAVV,Indore,Madhya Pradesh,Government University,Science (PCM),80000,85,90,JEE,4.5,87%,Rs 8 LPA,"TCS, Infosys, Cognizant, Wipro, Accenture, Capgemini","Wi-Fi Campus, Library, Cafeteria, AC Hostels, Olympic Sports Complex, Research Labs, Gym, Auditorium"
SGSITS,Indore,Madhya Pradesh,Government Aided,Science (PCM),85000,88,80,JEE,4.6,88%,Rs 7 LPA,"TCS, Infosys, Cognizant, Wipro, Accenture, Capgemini","Wi-Fi Campus, Library, Cafeteria, Basic Hostel, Sports Ground, NCC/NSS, Auditorium"
Acropolis Institute of Technology & Research,Indore,Madhya Pradesh,Private,Science (PCM),110000,75,150,JEE,4.2,79%,Rs 6 LPA,"TCS, Infosys, Cognizant, Wipro, Accenture, Capgemini","Wi-Fi Campus, Library, Cafeteria, Computer Labs, Transport Facility, Seminar Hall"
Shri Vaishnav Vidyapeeth Vishwavidyalaya,Indore,Madhya Pradesh,Private University,Science (PCM),120000,78,130,JEE,4.3,77%,Rs 6 LPA,"TCS, Infosys, Cognizant, Wipro, Accenture, Capgemini","Wi-Fi Campus, Library, Cafeteria, AC Hostels, Olympic Sports Complex, Research Labs, Gym, Auditorium"
Medi-Caps University,Indore,Madhya Pradesh,Private University,Science (PCM),135000,76,140,JEE,4.3,85%,Rs 8 LPA,"TCS, Infosys, Cognizant, Wipro, Accenture, Capgemini","Wi-Fi Campus, Library, Cafeteria, AC Hostels, Olympic Sports Complex, Research Labs, Gym, Auditorium"
IPS Academy (IES),Indore,Madhya Pradesh,Private,Science (PCM),100000,70,160,JEE,4.1,56%,Rs 3 LPA,"Local IT Firms, TCS Ninja, Tech Mahindra, BPOs","Wi-Fi Campus, Library, Cafeteria, Computer Labs, Transport Facility, Seminar Hall"
Chameli Devi Group of Institutions,Indore,Madhya Pradesh,Private,Science (PCM),90000,65,200,JEE,3.9,66%,Rs 3 LPA,"Local IT Firms, TCS Ninja, Tech Mahindra, BPOs","Wi-Fi Campus, Library, Cafeteria, Computer Labs, Transport Facility, Seminar Hall"
LNCT Indore,Indore,Madhya Pradesh,Private,Science (PCM),105000,70,180,JEE,4.0,65%,Rs 3 LPA,"Local IT Firms, TCS Ninja, Tech Mahindra, BPOs","Wi-Fi Campus, Library, Cafeteria, Computer Labs, Transport Facility, Seminar Hall"
Indore Institute of Science & Technology,Indore,Madhya Pradesh,Private,Science (PCM),95000,68,190,JEE,4.1,66%,Rs 3 LPA,"Local IT Firms, TCS Ninja, Tech Mahindra, BPOs","Wi-Fi Campus, Library, Cafeteria, Computer Labs, Transport Facility, Seminar Hall"
Sushila Devi Bansal College of Engineering,Indore,Madhya Pradesh,Private,Science (PCM),85000,60,250,JEE,3.8,55%,Rs 4 LPA,"Local IT Firms, TCS Ninja, Tech Mahindra, BPOs","Wi-Fi Campus, Library, Cafeteria, Computer Labs, Transport Facility, Seminar Hall"
Oriental University,Indore,Madhya Pradesh,Private University,Science (PCM),110000,60,220,JEE,3.9,72%,Rs 3 LPA,"Local IT Firms, TCS Ninja, Tech Mahindra, BPOs","Wi-Fi Campus, Library, Cafeteria, AC Hostels, Olympic Sports Complex, Research Labs, Gym, Auditorium"
Sage University,Indore,Madhya Pradesh,Private University,Science (PCM),125000,65,200,JEE,4.0,56%,Rs 3 LPA,"Local IT Firms, TCS Ninja, Tech Mahindra, BPOs","Wi-Fi Campus, Library, Cafeteria, AC Hostels, Olympic Sports Complex, Research Labs, Gym, Auditorium"
Symbiosis University of Applied Sciences,Indore,Madhya Pradesh,Private University,Science (PCM),220000,75,110,JEE,4.4,79%,Rs 5 LPA,"TCS, Infosys, Cognizant, Wipro, Accenture, Capgemini","Wi-Fi Campus, Library, Cafeteria, AC Hostels, Olympic Sports Complex, Research Labs, Gym, Auditorium"
MGM Medical College,Indore,Madhya Pradesh,Government,Science (PCB),15000,98,45,NEET,4.8,93%,Rs 16 LPA,"Apollo Hospitals, Fortis, AIIMS, Max Healthcare, Government Hospitals","Wi-Fi Campus, Library, Cafeteria, Basic Hostel, Sports Ground, NCC/NSS, Auditorium"
Sri Aurobindo Institute of Medical Sciences (SAIMS),Indore,Madhya Pradesh,Private,Science (PCB),800000,90,85,NEET,4.5,80%,Rs 5 LPA,"Apollo Hospitals, Fortis, AIIMS, Max Healthcare, Government Hospitals","Wi-Fi Campus, Library, Cafeteria, Computer Labs, Transport Facility, Seminar Hall"
Index Medical College,Indore,Madhya Pradesh,Private,Science (PCB),750000,85,120,NEET,4.2,78%,Rs 5 LPA,"Apollo Hospitals, Fortis, AIIMS, Max Healthcare, Government Hospitals","Wi-Fi Campus, Library, Cafeteria, Computer Labs, Transport Facility, Seminar Hall"
Government Ashtang Ayurvedic College,Indore,Madhya Pradesh,Government,Science (PCB),25000,80,150,NEET,4.3,80%,Rs 7 LPA,"Apollo Hospitals, Fortis, AIIMS, Max Healthcare, Government Hospitals","Wi-Fi Campus, Library, Cafeteria, Basic Hostel, Sports Ground, NCC/NSS, Auditorium"
Government Dental College,Indore,Madhya Pradesh,Government,Science (PCB),35000,88,100,NEET,4.5,75%,Rs 8 LPA,"Apollo Hospitals, Fortis, AIIMS, Max Healthcare, Government Hospitals","Wi-Fi Campus, Library, Cafeteria, Basic Hostel, Sports Ground, NCC/NSS, Auditorium"
Choithram College of Nursing,Indore,Madhya Pradesh,Private,Science (PCB),75000,65,180,Merit,4.2,63%,Rs 3 LPA,"Private Clinics, Nursing Homes","Wi-Fi Campus, Library, Cafeteria, Computer Labs, Transport Facility, Seminar Hall"
Bombay Hospital College of Nursing,Indore,Madhya Pradesh,Private,Science (PCB),85000,70,160,Merit,4.3,51%,Rs 4 LPA,"Private Clinics, Nursing Homes","Wi-Fi Campus, Library, Cafeteria, Computer Labs, Transport Facility, Seminar Hall"
Mata Gujri Girls College,Indore,Madhya Pradesh,Private,Commerce,45000,70,140,Merit,4.2,80%,Rs 5 LPA,"Deloitte, KPMG, EY, PwC, HDFC Bank, ICICI Bank","Wi-Fi Campus, Library, Cafeteria, Computer Labs, Transport Facility, Seminar Hall"
Christian Eminent College,Indore,Madhya Pradesh,Private,Commerce,40000,65,150,Merit,4.1,76%,Rs 5 LPA,"Deloitte, KPMG, EY, PwC, HDFC Bank, ICICI Bank","Wi-Fi Campus, Library, Cafeteria, Computer Labs, Transport Facility, Seminar Hall"
Renaissance University,Indore,Madhya Pradesh,Private University,Commerce,120000,75,190,Merit,4.2,65%,Rs 2 LPA,"Local Banks, Startups, Sales Firms, Muthoot Finance","Wi-Fi Campus, Library, Cafeteria, AC Hostels, Olympic Sports Complex, Research Labs, Gym, Auditorium"
Govt. Arts and Commerce College (GACC),Indore,Madhya Pradesh,Government,Commerce,12000,65,180,Merit,4.1,65%,Rs 3 LPA,"Local Banks, Startups, Sales Firms, Muthoot Finance","Wi-Fi Campus, Library, Cafeteria, Basic Hostel, Sports Ground, NCC/NSS, Auditorium"
ILVA Commerce & Science College,Indore,Madhya Pradesh,Private,Commerce,45000,65,220,Merit,4.0,71%,Rs 4 LPA,"Local Banks, Startups, Sales Firms, Muthoot Finance","Wi-Fi Campus, Library, Cafeteria, Computer Labs, Transport Facility, Seminar Hall"
Arihant College,Indore,Madhya Pradesh,Private,Commerce,50000,60,240,Merit,3.8,60%,Rs 4 LPA,"Local Banks, Startups, Sales Firms, Muthoot Finance","Wi-Fi Campus, Library, Cafeteria, Computer Labs, Transport Facility, Seminar Hall"
Pioneer Institute of Professional Studies,Indore,Madhya Pradesh,Private,Commerce,70000,65,210,Merit,4.0,55%,Rs 3 LPA,"Local Banks, Startups, Sales Firms, Muthoot Finance","Wi-Fi Campus, Library, Cafeteria, Computer Labs, Transport Facility, Seminar Hall"
"School of Commerce, DAVV",Indore,Madhya Pradesh,Government University,Commerce,35000,80,95,CUET,4.4,81%,Rs 6 LPA,"Deloitte, KPMG, EY, PwC, HDFC Bank, ICICI Bank","Wi-Fi Campus, Library, Cafeteria, AC Hostels, Olympic Sports Complex, Research Labs, Gym, Auditorium"
Prestige Institute of Commerce,Indore,Madhya Pradesh,Private,Commerce,110000,78,110,Merit,4.3,86%,Rs 7 LPA,"Deloitte, KPMG, EY, PwC, HDFC Bank, ICICI Bank","Wi-Fi Campus, Library, Cafeteria, Computer Labs, Transport Facility, Seminar Hall"
IIM Indore,Indore,Madhya Pradesh,Government / IIT / NIT,Management,500000,95,8,IPMAT,4.9,90%,Rs 18 LPA,"McKinsey, BCG, Bain, JP Morgan, Morgan Stanley, Deloitte","Wi-Fi Campus, Library, Cafeteria, AC Hostels, Olympic Sports Complex, Research Labs, Gym, Auditorium"
Prestige Institute of Management and Research (PIMR),Indore,Madhya Pradesh,Private,Management,135000,75,65,Merit,4.5,82%,Rs 6 LPA,"Deloitte, KPMG, EY, PwC, HDFC Bank, ICICI Bank","Wi-Fi Campus, Library, Cafeteria, Computer Labs, Transport Facility, Seminar Hall"
"Institute of Management Studies (IMS), DAVV",Indore,Madhya Pradesh,Government University,Management,60000,85,70,CUET,4.6,77%,Rs 7 LPA,"Deloitte, KPMG, EY, PwC, HDFC Bank, ICICI Bank","Wi-Fi Campus, Library, Cafeteria, AC Hostels, Olympic Sports Complex, Research Labs, Gym, Auditorium"
IPS Academy (Institute of Business Management),Indore,Madhya Pradesh,Private,Management,100000,70,120,Merit,4.2,87%,Rs 6 LPA,"Deloitte, KPMG, EY, PwC, HDFC Bank, ICICI Bank","Wi-Fi Campus, Library, Cafeteria, Computer Labs, Transport Facility, Seminar Hall"
Govt. Arts and Commerce College (GACC),Indore,Madhya Pradesh,Government,Arts / Humanities,12000,60,180,Merit,4.1,61%,Rs 3 LPA,"Startups, Small Agencies, Schools","Wi-Fi Campus, Library, Cafeteria, Basic Hostel, Sports Ground, NCC/NSS, Auditorium"
Old Girls Degree College,Indore,Madhya Pradesh,Government,Arts / Humanities,10000,70,200,Merit,4.0,61%,Rs 3 LPA,"Startups, Small Agencies, Schools","Wi-Fi Campus, Library, Cafeteria, Basic Hostel, Sports Ground, NCC/NSS, Auditorium"
Sri Sathya Sai College for Women,Indore,Madhya Pradesh,Private,Arts / Humanities,35000,65,200,Merit,4.1,57%,Rs 2 LPA,"Startups, Small Agencies, Schools","Wi-Fi Campus, Library, Cafeteria, Computer Labs, Transport Facility, Seminar Hall"
Kasturbagram Rural Institute,Indore,Madhya Pradesh,Government Aided,Arts / Humanities,15000,60,240,Merit,4.0,65%,Rs 3 LPA,"Startups, Small Agencies, Schools","Wi-Fi Campus, Library, Cafeteria, Basic Hostel, Sports Ground, NCC/NSS, Auditorium"
Vidyasagar College,Indore,Madhya Pradesh,Private,Arts / Humanities,35000,55,260,Merit,3.7,69%,Rs 3 LPA,"Startups, Small Agencies, Schools","Wi-Fi Campus, Library, Cafeteria, Computer Labs, Transport Facility, Seminar Hall"
"School of Social Sciences, DAVV",Indore,Madhya Pradesh,Government University,Arts / Humanities,25000,75,110,CUET,4.3,87%,Rs 4 LPA,"Schools, Local Businesses, Media","Wi-Fi Campus, Library, Cafeteria, AC Hostels, Olympic Sports Complex, Research Labs, Gym, Auditorium"
Indore Institute of Law,Indore,Madhya Pradesh,Private,Law,150000,75,45,CLAT,4.4,95%,Rs 10 LPA,"Cyril Amarchand Mangaldas, Khaitan & Co, Luthra & Luthra, Corporate Legal Teams","Wi-Fi Campus, Library, Cafeteria, Computer Labs, Transport Facility, Seminar Hall"
"School of Law, DAVV",Indore,Madhya Pradesh,Government University,Law,55000,80,60,CUET,4.5,84%,Rs 8 LPA,"Local Law Firms, LPOs, Corporate Legal","Wi-Fi Campus, Library, Cafeteria, AC Hostels, Olympic Sports Complex, Research Labs, Gym, Auditorium"
Govt. Law College,Indore,Madhya Pradesh,Government,Law,15000,80,120,CLAT,4.3,77%,Rs 7 LPA,"Local Law Firms, LPOs, Corporate Legal","Wi-Fi Campus, Library, Cafeteria, Basic Hostel, Sports Ground, NCC/NSS, Auditorium"
Prestige Institute of Law,Indore,Madhya Pradesh,Private,Law,110000,70,85,Merit,4.2,84%,Rs 5 LPA,"Local Law Firms, LPOs, Corporate Legal","Wi-Fi Campus, Library, Cafeteria, Computer Labs, Transport Facility, Seminar Hall"
Shri Gujarati Samaj College of Pharmacy,Indore,Madhya Pradesh,Private,Pharmacy,90000,70,180,Merit,4.0,63%,Rs 2 LPA,"Startups, Small Agencies, Schools","Wi-Fi Campus, Library, Cafeteria, Computer Labs, Transport Facility, Seminar Hall"
Smriti College of Pharmaceutical Education,Indore,Madhya Pradesh,Private,Pharmacy,85000,65,200,Merit,3.9,64%,Rs 2 LPA,"Startups, Small Agencies, Schools","Wi-Fi Campus, Library, Cafeteria, Computer Labs, Transport Facility, Seminar Hall"
Indore Institute of Pharmacy,Indore,Madhya Pradesh,Private,Pharmacy,85000,60,210,Merit,4.0,60%,Rs 2 LPA,"Startups, Small Agencies, Schools","Wi-Fi Campus, Library, Cafeteria, Computer Labs, Transport Facility, Seminar Hall"
SGSITS (Pharmacy Department),Indore,Madhya Pradesh,Government Aided,Pharmacy,75000,85,75,Merit,4.5,84%,Rs 3 LPA,"Divi's Labs, Aurobindo Pharma, Retail Chains","Wi-Fi Campus, Library, Cafeteria, Basic Hostel, Sports Ground, NCC/NSS, Auditorium"
"College of Agriculture, Indore",Indore,Madhya Pradesh,Government,Agriculture,20000,75,40,PAT,4.4,98%,Rs 12 LPA,"NGOs, Media Houses, EdTech (BYJU'S, Unacademy), Publishing Houses","Wi-Fi Campus, Library, Cafeteria, Basic Hostel, Sports Ground, NCC/NSS, Auditorium"
IPS Academy School of Architecture,Indore,Madhya Pradesh,Private,Architecture,125000,70,35,NATA,4.3,99%,Rs 8 LPA,"NGOs, Media Houses, EdTech (BYJU'S, Unacademy), Publishing Houses","Wi-Fi Campus, Library, Cafeteria, Computer Labs, Transport Facility, Seminar Hall"
SGSITS (Architecture),Indore,Madhya Pradesh,Government Aided,Architecture,90000,80,45,NATA,4.4,94%,Rs 11 LPA,"NGOs, Media Houses, EdTech (BYJU'S, Unacademy), Publishing Houses","Wi-Fi Campus, Library, Cafeteria, Basic Hostel, Sports Ground, NCC/NSS, Auditorium"
Vidyapeeth College of Engineering,Indore,Madhya Pradesh,Private,Science (PCM),88000,57,262,JEE,3.9,64%,Rs 3 LPA,"Local IT Firms, TCS Ninja, Tech Mahindra, BPOs","Wi-Fi Campus, Library, Cafeteria, Computer Labs, Transport Facility, Seminar Hall"
Vertex College of Engineering,Indore,Madhya Pradesh,Private,Science (PCM),62000,72,202,JEE,3.5,60%,Rs 4 LPA,"Local IT Firms, TCS Ninja, Tech Mahindra, BPOs","Wi-Fi Campus, Library, Cafeteria, Computer Labs, Transport Facility, Seminar Hall"
Prestige Institute of Science & Technology,Indore,Madhya Pradesh,Private,Science (PCM),122000,61,171,JEE,4.0,71%,Rs 3 LPA,"Local IT Firms, TCS Ninja, Tech Mahindra, BPOs","Wi-Fi Campus, Library, Cafeteria, Computer Labs, Transport Facility, Seminar Hall"
Modern Institute of Science & Technology,Indore,Madhya Pradesh,Government Aided,Science (PCM),90000,64,253,Merit,3.6,62%,Rs 3 LPA,"Local IT Firms, TCS Ninja, Tech Mahindra, BPOs","Wi-Fi Campus, Library, Cafeteria, Basic Hostel, Sports Ground, NCC/NSS, Auditorium"
Silver Oak Engineering College,Indore,Madhya Pradesh,Private,Science (PCM),103000,55,305,Merit,4.1,71%,Rs 3 LPA,"Local IT Firms, TCS Ninja, Tech Mahindra, BPOs","Wi-Fi Campus, Library, Cafeteria, Computer Labs, Transport Facility, Seminar Hall"
Elite Institute of Science & Technology,Indore,Madhya Pradesh,Private,Science (PCM),120000,67,167,Merit,3.8,70%,Rs 3 LPA,"Local IT Firms, TCS Ninja, Tech Mahindra, BPOs","Wi-Fi Campus, Library, Cafeteria, Computer Labs, Transport Facility, Seminar Hall"
Prime College of Engineering,Indore,Madhya Pradesh,Private,Science (PCM),85000,63,178,JEE,3.8,62%,Rs 4 LPA,"Local IT Firms, TCS Ninja, Tech Mahindra, BPOs","Wi-Fi Campus, Library, Cafeteria, Computer Labs, Transport Facility, Seminar Hall"
Central India Engineering College,Indore,Madhya Pradesh,Private,Science (PCM),99000,78,298,JEE,3.5,60%,Rs 4 LPA,"Local IT Firms, TCS Ninja, Tech Mahindra, BPOs","Wi-Fi Campus, Library, Cafeteria, Computer Labs, Transport Facility, Seminar Hall"
Maa Baweja Institute of Technology,Indore,Madhya Pradesh,Private,Science (PCM),102000,72,242,JEE,4.1,63%,Rs 4 LPA,"Local IT Firms, TCS Ninja, Tech Mahindra, BPOs","Wi-Fi Campus, Library, Cafeteria, Computer Labs, Transport Facility, Seminar Hall"
Malwa Engineering College,Indore,Madhya Pradesh,Government Aided,Science (PCM),99000,71,376,JEE,3.8,52%,Rs 4 LPA,"Local IT Firms, TCS Ninja, Tech Mahindra, BPOs","Wi-Fi Campus, Library, Cafeteria, Basic Hostel, Sports Ground, NCC/NSS, Auditorium"
Sunrise Institute of Technology,Indore,Madhya Pradesh,Private,Science (PCM),77000,60,292,JEE,4.2,50%,Rs 3 LPA,"Local IT Firms, TCS Ninja, Tech Mahindra, BPOs","Wi-Fi Campus, Library, Cafeteria, Computer Labs, Transport Facility, Seminar Hall"
Swami Vivekananda Engineering College,Indore,Madhya Pradesh,Private,Science (PCM),71000,74,235,JEE,3.6,59%,Rs 4 LPA,"Local IT Firms, TCS Ninja, Tech Mahindra, BPOs","Wi-Fi Campus, Library, Cafeteria, Computer Labs, Transport Facility, Seminar Hall"
Ahilya College of Engineering,Indore,Madhya Pradesh,Government Aided,Science (PCM),117000,63,368,JEE,4.2,73%,Rs 4 LPA,"Local IT Firms, TCS Ninja, Tech Mahindra, BPOs","Wi-Fi Campus, Library, Cafeteria, Basic Hostel, Sports Ground, NCC/NSS, Auditorium"
Horizon Institute of Science & Technology,Indore,Madhya Pradesh,Private,Science (PCM),112000,72,400,JEE,3.9,69%,Rs 3 LPA,"Local IT Firms, TCS Ninja, Tech Mahindra, BPOs","Wi-Fi Campus, Library, Cafeteria, Computer Labs, Transport Facility, Seminar Hall"
Vertex Institute of Technology,Indore,Madhya Pradesh,Private,Science (PCM),148000,73,201,JEE,4.1,51%,Rs 3 LPA,"Local IT Firms, TCS Ninja, Tech Mahindra, BPOs","Wi-Fi Campus, Library, Cafeteria, Computer Labs, Transport Facility, Seminar Hall"
Shivajirao Engineering College,Indore,Madhya Pradesh,Private,Science (PCM),125000,66,319,JEE,3.6,69%,Rs 3 LPA,"Local IT Firms, TCS Ninja, Tech Mahindra, BPOs","Wi-Fi Campus, Library, Cafeteria, Computer Labs, Transport Facility, Seminar Hall"
Shivajirao College of Engineering,Indore,Madhya Pradesh,Private,Science (PCM),145000,67,218,JEE,4.1,51%,Rs 4 LPA,"Local IT Firms, TCS Ninja, Tech Mahindra, BPOs","Wi-Fi Campus, Library, Cafeteria, Computer Labs, Transport Facility, Seminar Hall"
Acme Institute of Technology,Indore,Madhya Pradesh,Government Aided,Science (PCM),92000,68,203,JEE,3.6,55%,Rs 4 LPA,"Local IT Firms, TCS Ninja, Tech Mahindra, BPOs","Wi-Fi Campus, Library, Cafeteria, Basic Hostel, Sports Ground, NCC/NSS, Auditorium"
Pragyan Institute of Science & Technology,Indore,Madhya Pradesh,Private,Science (PCM),69000,76,245,JEE,3.8,61%,Rs 4 LPA,"Local IT Firms, TCS Ninja, Tech Mahindra, BPOs","Wi-Fi Campus, Library, Cafeteria, Computer Labs, Transport Facility, Seminar Hall"
Aryabhatta College of Engineering,Indore,Madhya Pradesh,Private,Science (PCM),70000,69,217,Merit,4.1,57%,Rs 4 LPA,"Local IT Firms, TCS Ninja, Tech Mahindra, BPOs","Wi-Fi Campus, Library, Cafeteria, Computer Labs, Transport Facility, Seminar Hall"
Acme College of Engineering,Indore,Madhya Pradesh,Government Aided,Science (PCM),139000,80,348,Merit,3.5,62%,Rs 4 LPA,"Local IT Firms, TCS Ninja, Tech Mahindra, BPOs","Wi-Fi Campus, Library, Cafeteria, Basic Hostel, Sports Ground, NCC/NSS, Auditorium"
Prime Institute of Science & Technology,Indore,Madhya Pradesh,Private,Science (PCM),119000,76,238,JEE,3.8,50%,Rs 3 LPA,"Local IT Firms, TCS Ninja, Tech Mahindra, BPOs","Wi-Fi Campus, Library, Cafeteria, Computer Labs, Transport Facility, Seminar Hall"
Global Institute of Science & Technology,Indore,Madhya Pradesh,Private,Science (PCM),65000,79,258,JEE,4.2,57%,Rs 3 LPA,"Local IT Firms, TCS Ninja, Tech Mahindra, BPOs","Wi-Fi Campus, Library, Cafeteria, Computer Labs, Transport Facility, Seminar Hall"
Core Engineering College,Indore,Madhya Pradesh,Private,Science (PCM),94000,62,237,JEE,3.8,64%,Rs 4 LPA,"Local IT Firms, TCS Ninja, Tech Mahindra, BPOs","Wi-Fi Campus, Library, Cafeteria, Computer Labs, Transport Facility, Seminar Hall"
Maharaja Engineering College,Indore,Madhya Pradesh,Private,Science (PCM),129000,74,346,JEE,3.7,59%,Rs 4 LPA,"Local IT Firms, TCS Ninja, Tech Mahindra, BPOs","Wi-Fi Campus, Library, Cafeteria, Computer Labs, Transport Facility, Seminar Hall"
Pinnacle Institute of Science & Technology,Indore,Madhya Pradesh,Private,Science (PCM),150000,59,369,JEE,3.6,66%,Rs 3 LPA,"Local IT Firms, TCS Ninja, Tech Mahindra, BPOs","Wi-Fi Campus, Library, Cafeteria, Computer Labs, Transport Facility, Seminar Hall"
Vidyapeeth Institute of Science & Technology,Indore,Madhya Pradesh,Private,Science (PCM),105000,56,189,JEE,4.0,68%,Rs 3 LPA,"Local IT Firms, TCS Ninja, Tech Mahindra, BPOs","Wi-Fi Campus, Library, Cafeteria, Computer Labs, Transport Facility, Seminar Hall"
Aryabhatta Institute of Science & Technology,Indore,Madhya Pradesh,Private,Science (PCM),75000,67,237,Merit,3.6,53%,Rs 3 LPA,"Local IT Firms, TCS Ninja, Tech Mahindra, BPOs","Wi-Fi Campus, Library, Cafeteria, Computer Labs, Transport Facility, Seminar Hall"
Malwa College of Engineering,Indore,Madhya Pradesh,Private,Science (PCM),147000,75,232,JEE,3.6,70%,Rs 3 LPA,"Local IT Firms, TCS Ninja, Tech Mahindra, BPOs","Wi-Fi Campus, Library, Cafeteria, Computer Labs, Transport Facility, Seminar Hall"
Maa Baweja Engineering College,Indore,Madhya Pradesh,Private,Science (PCM),117000,58,214,Merit,3.7,50%,Rs 3 LPA,"Local IT Firms, TCS Ninja, Tech Mahindra, BPOs","Wi-Fi Campus, Library, Cafeteria, Computer Labs, Transport Facility, Seminar Hall"
Sri Sai College of Engineering,Indore,Madhya Pradesh,Government Aided,Science (PCM),113000,57,158,Merit,3.6,51%,Rs 4 LPA,"Local IT Firms, TCS Ninja, Tech Mahindra, BPOs","Wi-Fi Campus, Library, Cafeteria, Basic Hostel, Sports Ground, NCC/NSS, Auditorium"
Rajiv Gandhi College of Engineering,Indore,Madhya Pradesh,Private,Science (PCM),62000,65,307,JEE,3.8,51%,Rs 3 LPA,"Local IT Firms, TCS Ninja, Tech Mahindra, BPOs","Wi-Fi Campus, Library, Cafeteria, Computer Labs, Transport Facility, Seminar Hall"
Saraswati Engineering College,Indore,Madhya Pradesh,Private,Science (PCM),108000,70,308,Merit,3.8,53%,Rs 4 LPA,"Local IT Firms, TCS Ninja, Tech Mahindra, BPOs","Wi-Fi Campus, Library, Cafeteria, Computer Labs, Transport Facility, Seminar Hall"
Central India Institute of Science & Technology,Indore,Madhya Pradesh,Private,Science (PCM),148000,60,315,JEE,3.7,57%,Rs 4 LPA,"Local IT Firms, TCS Ninja, Tech Mahindra, BPOs","Wi-Fi Campus, Library, Cafeteria, Computer Labs, Transport Facility, Seminar Hall"
Future College of Engineering,Indore,Madhya Pradesh,Private,Science (PCM),96000,65,181,Merit,3.6,64%,Rs 4 LPA,"Local IT Firms, TCS Ninja, Tech Mahindra, BPOs","Wi-Fi Campus, Library, Cafeteria, Computer Labs, Transport Facility, Seminar Hall"
Maharaja College of Engineering,Indore,Madhya Pradesh,Private,Science (PCM),138000,61,388,JEE,3.9,74%,Rs 3 LPA,"Local IT Firms, TCS Ninja, Tech Mahindra, BPOs","Wi-Fi Campus, Library, Cafeteria, Computer Labs, Transport Facility, Seminar Hall"
Acme Paramedical Institute,Indore,Madhya Pradesh,Private,Science (PCB),84000,74,129,NEET,3.9,76%,Rs 5 LPA,"Apollo Hospitals, Fortis, AIIMS, Max Healthcare, Government Hospitals","Wi-Fi Campus, Library, Cafeteria, Computer Labs, Transport Facility, Seminar Hall"
Eminent Nursing College,Indore,Madhya Pradesh,Government,Science (PCB),175000,74,268,Merit,3.7,56%,Rs 5 LPA,"Private Clinics, Nursing Homes","Wi-Fi Campus, Library, Cafeteria, Basic Hostel, Sports Ground, NCC/NSS, Auditorium"
Apex Paramedical Institute,Indore,Madhya Pradesh,Private,Science (PCB),176000,72,155,Merit,3.7,62%,Rs 5 LPA,"Private Clinics, Nursing Homes","Wi-Fi Campus, Library, Cafeteria, Computer Labs, Transport Facility, Seminar Hall"
Pioneer Medical College,Indore,Madhya Pradesh,Government,Science (PCB),108000,60,169,NEET,3.8,57%,Rs 5 LPA,"Private Clinics, Nursing Homes","Wi-Fi Campus, Library, Cafeteria, Basic Hostel, Sports Ground, NCC/NSS, Auditorium"
Maharaja Institute of Medical Sciences,Indore,Madhya Pradesh,Government,Science (PCB),177000,81,277,Merit,4.2,63%,Rs 3 LPA,"Private Clinics, Nursing Homes","Wi-Fi Campus, Library, Cafeteria, Basic Hostel, Sports Ground, NCC/NSS, Auditorium"
Saraswati Paramedical Institute,Indore,Madhya Pradesh,Private,Science (PCB),80000,82,290,Merit,3.9,55%,Rs 4 LPA,"Private Clinics, Nursing Homes","Wi-Fi Campus, Library, Cafeteria, Computer Labs, Transport Facility, Seminar Hall"
Royal Nursing College,Indore,Madhya Pradesh,Private,Science (PCB),73000,70,345,Merit,4.0,56%,Rs 5 LPA,"Private Clinics, Nursing Homes","Wi-Fi Campus, Library, Cafeteria, Computer Labs, Transport Facility, Seminar Hall"
Silver Oak Paramedical Institute,Indore,Madhya Pradesh,Private,Science (PCB),178000,61,252,NEET,3.9,56%,Rs 3 LPA,"Private Clinics, Nursing Homes","Wi-Fi Campus, Library, Cafeteria, Computer Labs, Transport Facility, Seminar Hall"
Vidyapeeth Medical College,Indore,Madhya Pradesh,Government,Science (PCB),154000,71,106,Merit,3.6,75%,Rs 5 LPA,"Apollo Hospitals, Fortis, AIIMS, Max Healthcare, Government Hospitals","Wi-Fi Campus, Library, Cafeteria, Basic Hostel, Sports Ground, NCC/NSS, Auditorium"
Acme Medical College,Indore,Madhya Pradesh,Private,Science (PCB),97000,61,314,NEET,3.7,65%,Rs 3 LPA,"Private Clinics, Nursing Homes","Wi-Fi Campus, Library, Cafeteria, Computer Labs, Transport Facility, Seminar Hall"
Navin Medical College,Indore,Madhya Pradesh,Government,Science (PCB),87000,85,107,NEET,4.1,85%,Rs 6 LPA,"Apollo Hospitals, Fortis, AIIMS, Max Healthcare, Government Hospitals","Wi-Fi Campus, Library, Cafeteria, Basic Hostel, Sports Ground, NCC/NSS, Auditorium"
Bright Paramedical Institute,Indore,Madhya Pradesh,Private,Science (PCB),129000,66,146,NEET,3.6,76%,Rs 9 LPA,"Apollo Hospitals, Fortis, AIIMS, Max Healthcare, Government Hospitals","Wi-Fi Campus, Library, Cafeteria, Computer Labs, Transport Facility, Seminar Hall"
Silver Oak Nursing College,Indore,Madhya Pradesh,Government,Science (PCB),158000,60,261,Merit,3.7,74%,Rs 5 LPA,"Private Clinics, Nursing Homes","Wi-Fi Campus, Library, Cafeteria, Basic Hostel, Sports Ground, NCC/NSS, Auditorium"
Sunrise Medical College,Indore,Madhya Pradesh,Private,Science (PCB),197000,63,294,Merit,4.1,55%,Rs 4 LPA,"Private Clinics, Nursing Homes","Wi-Fi Campus, Library, Cafeteria, Computer Labs, Transport Facility, Seminar Hall"
Sunrise Institute of Medical Sciences,Indore,Madhya Pradesh,Government,Science (PCB),147000,66,211,NEET,3.9,58%,Rs 5 LPA,"Private Clinics, Nursing Homes","Wi-Fi Campus, Library, Cafeteria, Basic Hostel, Sports Ground, NCC/NSS, Auditorium"
Sri Krishna College of Science,Indore,Madhya Pradesh,Government,Science (PCB),187000,81,163,NEET,3.6,68%,Rs 3 LPA,"Private Clinics, Nursing Homes","Wi-Fi Campus, Library, Cafeteria, Basic Hostel, Sports Ground, NCC/NSS, Auditorium"
Horizon Nursing College,Indore,Madhya Pradesh,Private,Science (PCB),131000,83,105,Merit,4.1,82%,Rs 5 LPA,"Apollo Hospitals, Fortis, AIIMS, Max Healthcare, Government Hospitals","Wi-Fi Campus, Library, Cafeteria, Computer Labs, Transport Facility, Seminar Hall"
Priyadarshini Paramedical Institute,Indore,Madhya Pradesh,Private,Science (PCB),136000,80,303,NEET,3.7,64%,Rs 4 LPA,"Private Clinics, Nursing Homes","Wi-Fi Campus, Library, Cafeteria, Computer Labs, Transport Facility, Seminar Hall"
Shivajirao Nursing College,Indore,Madhya Pradesh,Private,Science (PCB),81000,85,125,NEET,4.0,86%,Rs 9 LPA,"Apollo Hospitals, Fortis, AIIMS, Max Healthcare, Government Hospitals","Wi-Fi Campus, Library, Cafeteria, Computer Labs, Transport Facility, Seminar Hall"
Horizon Medical College,Indore,Madhya Pradesh,Government,Science (PCB),137000,63,325,Merit,3.9,64%,Rs 5 LPA,"Private Clinics, Nursing Homes","Wi-Fi Campus, Library, Cafeteria, Basic Hostel, Sports Ground, NCC/NSS, Auditorium"
Prime Medical College,Indore,Madhya Pradesh,Private,Science (PCB),164000,78,230,Merit,3.7,57%,Rs 5 LPA,"Private Clinics, Nursing Homes","Wi-Fi Campus, Library, Cafeteria, Computer Labs, Transport Facility, Seminar Hall"
Prestige Institute of Medical Sciences,Indore,Madhya Pradesh,Private,Science (PCB),165000,74,333,Merit,3.7,68%,Rs 5 LPA,"Private Clinics, Nursing Homes","Wi-Fi Campus, Library, Cafeteria, Computer Labs, Transport Facility, Seminar Hall"
Shivajirao College of Science,Indore,Madhya Pradesh,Government,Science (PCB),94000,78,221,Merit,3.8,56%,Rs 3 LPA,"Private Clinics, Nursing Homes","Wi-Fi Campus, Library, Cafeteria, Basic Hostel, Sports Ground, NCC/NSS, Auditorium"
Sri Krishna Institute of Professional Studies,Indore,Madhya Pradesh,Private,Commerce,34000,66,190,Merit,3.5,58%,Rs 3 LPA,"Local Banks, Startups, Sales Firms, Muthoot Finance","Wi-Fi Campus, Library, Cafeteria, Computer Labs, Transport Facility, Seminar Hall"
Shree Ram Commerce & Science College,Indore,Madhya Pradesh,Government Aided,Commerce,84000,70,219,Merit,4.0,68%,Rs 3 LPA,"Local Banks, Startups, Sales Firms, Muthoot Finance","Wi-Fi Campus, Library, Cafeteria, Basic Hostel, Sports Ground, NCC/NSS, Auditorium"
Silver Oak Institute of Professional Studies,Indore,Madhya Pradesh,Private,Commerce,77000,67,162,Merit,3.8,66%,Rs 2 LPA,"Local Banks, Startups, Sales Firms, Muthoot Finance","Wi-Fi Campus, Library, Cafeteria, Computer Labs, Transport Facility, Seminar Hall"
Sunrise Institute of Professional Studies,Indore,Madhya Pradesh,Government Aided,Commerce,54000,66,404,Merit,4.0,62%,Rs 4 LPA,"Local Banks, Startups, Sales Firms, Muthoot Finance","Wi-Fi Campus, Library, Cafeteria, Basic Hostel, Sports Ground, NCC/NSS, Auditorium"
Pioneer Institute of Professional Studies,Indore,Madhya Pradesh,Government Aided,Commerce,65000,61,170,Merit,4.2,70%,Rs 2 LPA,"Local Banks, Startups, Sales Firms, Muthoot Finance","Wi-Fi Campus, Library, Cafeteria, Basic Hostel, Sports Ground, NCC/NSS, Auditorium"
Rajiv Gandhi College of Commerce,Indore,Madhya Pradesh,Government Aided,Commerce,50000,74,316,Merit,3.8,71%,Rs 2 LPA,"Local Banks, Startups, Sales Firms, Muthoot Finance","Wi-Fi Campus, Library, Cafeteria, Basic Hostel, Sports Ground, NCC/NSS, Auditorium"
Acme Degree College,Indore,Madhya Pradesh,Government Aided,Commerce,36000,51,215,Merit,4.2,69%,Rs 2 LPA,"Local Banks, Startups, Sales Firms, Muthoot Finance","Wi-Fi Campus, Library, Cafeteria, Basic Hostel, Sports Ground, NCC/NSS, Auditorium"
Silver Oak College of Commerce,Indore,Madhya Pradesh,Government Aided,Commerce,56000,71,207,CUET,3.7,67%,Rs 4 LPA,"Local Banks, Startups, Sales Firms, Muthoot Finance","Wi-Fi Campus, Library, Cafeteria, Basic Hostel, Sports Ground, NCC/NSS, Auditorium"
Zenith Institute of Professional Studies,Indore,Madhya Pradesh,Government Aided,Commerce,34000,59,445,Merit,4.0,56%,Rs 3 LPA,"Local Banks, Startups, Sales Firms, Muthoot Finance","Wi-Fi Campus, Library, Cafeteria, Basic Hostel, Sports Ground, NCC/NSS, Auditorium"
Priyadarshini Commerce & Science College,Indore,Madhya Pradesh,Government Aided,Commerce,70000,77,332,Merit,4.0,53%,Rs 4 LPA,"Local Banks, Startups, Sales Firms, Muthoot Finance","Wi-Fi Campus, Library, Cafeteria, Basic Hostel, Sports Ground, NCC/NSS, Auditorium"
Gyan Commerce & Science College,Indore,Madhya Pradesh,Government Aided,Commerce,52000,70,190,Merit,4.1,53%,Rs 3 LPA,"Local Banks, Startups, Sales Firms, Muthoot Finance","Wi-Fi Campus, Library, Cafeteria, Basic Hostel, Sports Ground, NCC/NSS, Auditorium"
Maharaja Degree College,Indore,Madhya Pradesh,Government Aided,Commerce,88000,61,169,Merit,3.9,54%,Rs 3 LPA,"Local Banks, Startups, Sales Firms, Muthoot Finance","Wi-Fi Campus, Library, Cafeteria, Basic Hostel, Sports Ground, NCC/NSS, Auditorium"
Silver Oak Commerce & Science College,Indore,Madhya Pradesh,Government Aided,Commerce,83000,67,323,Merit,3.9,55%,Rs 4 LPA,"Local Banks, Startups, Sales Firms, Muthoot Finance","Wi-Fi Campus, Library, Cafeteria, Basic Hostel, Sports Ground, NCC/NSS, Auditorium"
Core College of Commerce,Indore,Madhya Pradesh,Private,Commerce,40000,77,328,CUET,3.9,61%,Rs 3 LPA,"Local Banks, Startups, Sales Firms, Muthoot Finance","Wi-Fi Campus, Library, Cafeteria, Computer Labs, Transport Facility, Seminar Hall"
Shree Ram College of Commerce,Indore,Madhya Pradesh,Government Aided,Commerce,39000,67,364,CUET,4.1,65%,Rs 3 LPA,"Local Banks, Startups, Sales Firms, Muthoot Finance","Wi-Fi Campus, Library, Cafeteria, Basic Hostel, Sports Ground, NCC/NSS, Auditorium"
Prime College of Commerce,Indore,Madhya Pradesh,Private,Commerce,62000,52,150,Merit,3.6,79%,Rs 5 LPA,"Deloitte, KPMG, EY, PwC, HDFC Bank, ICICI Bank","Wi-Fi Campus, Library, Cafeteria, Computer Labs, Transport Facility, Seminar Hall"
Sunrise Degree College,Indore,Madhya Pradesh,Private,Commerce,58000,79,191,Merit,3.6,52%,Rs 2 LPA,"Local Banks, Startups, Sales Firms, Muthoot Finance","Wi-Fi Campus, Library, Cafeteria, Computer Labs, Transport Facility, Seminar Hall"
Swami Vivekananda Degree College,Indore,Madhya Pradesh,Private,Commerce,72000,78,303,Merit,3.8,50%,Rs 2 LPA,"Local Banks, Startups, Sales Firms, Muthoot Finance","Wi-Fi Campus, Library, Cafeteria, Computer Labs, Transport Facility, Seminar Hall"
Pioneer Commerce & Science College,Indore,Madhya Pradesh,Government Aided,Commerce,35000,55,377,Merit,3.8,56%,Rs 2 LPA,"Local Banks, Startups, Sales Firms, Muthoot Finance","Wi-Fi Campus, Library, Cafeteria, Basic Hostel, Sports Ground, NCC/NSS, Auditorium"
Vikramaditya Commerce & Science College,Indore,Madhya Pradesh,Government Aided,Commerce,30000,68,209,Merit,4.1,63%,Rs 3 LPA,"Local Banks, Startups, Sales Firms, Muthoot Finance","Wi-Fi Campus, Library, Cafeteria, Basic Hostel, Sports Ground, NCC/NSS, Auditorium"
Matrix Degree College,Indore,Madhya Pradesh,Private,Commerce,84000,70,250,Merit,3.8,58%,Rs 2 LPA,"Local Banks, Startups, Sales Firms, Muthoot Finance","Wi-Fi Campus, Library, Cafeteria, Computer Labs, Transport Facility, Seminar Hall"
Navin Institute of Professional Studies,Indore,Madhya Pradesh,Private,Commerce,37000,54,150,Merit,4.0,85%,Rs 5 LPA,"Deloitte, KPMG, EY, PwC, HDFC Bank, ICICI Bank","Wi-Fi Campus, Library, Cafeteria, Computer Labs, Transport Facility, Seminar Hall"
Maa Baweja College of Commerce,Indore,Madhya Pradesh,Government Aided,Commerce,44000,76,282,CUET,3.9,59%,Rs 4 LPA,"Local Banks, Startups, Sales Firms, Muthoot Finance","Wi-Fi Campus, Library, Cafeteria, Basic Hostel, Sports Ground, NCC/NSS, Auditorium"
Devi Ahilya Commerce & Science College,Indore,Madhya Pradesh,Private,Commerce,87000,60,382,CUET,3.9,50%,Rs 4 LPA,"Local Banks, Startups, Sales Firms, Muthoot Finance","Wi-Fi Campus, Library, Cafeteria, Computer Labs, Transport Facility, Seminar Hall"
Priyadarshini College of Commerce,Indore,Madhya Pradesh,Government Aided,Commerce,86000,68,364,CUET,3.7,68%,Rs 4 LPA,"Local Banks, Startups, Sales Firms, Muthoot Finance","Wi-Fi Campus, Library, Cafeteria, Basic Hostel, Sports Ground, NCC/NSS, Auditorium"
Saraswati College of Commerce,Indore,Madhya Pradesh,Private,Commerce,52000,61,186,Merit,4.2,61%,Rs 2 LPA,"Local Banks, Startups, Sales Firms, Muthoot Finance","Wi-Fi Campus, Library, Cafeteria, Computer Labs, Transport Facility, Seminar Hall"
Prestige Institute of Professional Studies,Indore,Madhya Pradesh,Private,Commerce,43000,66,210,Merit,4.1,51%,Rs 4 LPA,"Local Banks, Startups, Sales Firms, Muthoot Finance","Wi-Fi Campus, Library, Cafeteria, Computer Labs, Transport Facility, Seminar Hall"
Maa Baweja Institute of Professional Studies,Indore,Madhya Pradesh,Government Aided,Commerce,73000,50,312,CUET,4.2,52%,Rs 2 LPA,"Local Banks, Startups, Sales Firms, Muthoot Finance","Wi-Fi Campus, Library, Cafeteria, Basic Hostel, Sports Ground, NCC/NSS, Auditorium"
Apex Degree College,Indore,Madhya Pradesh,Government Aided,Commerce,72000,51,215,Merit,4.1,68%,Rs 3 LPA,"Local Banks, Startups, Sales Firms, Muthoot Finance","Wi-Fi Campus, Library, Cafeteria, Basic Hostel, Sports Ground, NCC/NSS, Auditorium"
Royal College of Commerce,Indore,Madhya Pradesh,Government Aided,Commerce,57000,76,304,Merit,3.9,72%,Rs 2 LPA,"Local Banks, Startups, Sales Firms, Muthoot Finance","Wi-Fi Campus, Library, Cafeteria, Basic Hostel, Sports Ground, NCC/NSS, Auditorium"
Mahakal Degree College,Indore,Madhya Pradesh,Private,Commerce,36000,59,279,CUET,4.2,64%,Rs 3 LPA,"Local Banks, Startups, Sales Firms, Muthoot Finance","Wi-Fi Campus, Library, Cafeteria, Computer Labs, Transport Facility, Seminar Hall"
Chanakya Arts College,Indore,Madhya Pradesh,Government,Arts / Humanities,11000,69,396,Merit,3.6,66%,Rs 2 LPA,"Startups, Small Agencies, Schools","Wi-Fi Campus, Library, Cafeteria, Basic Hostel, Sports Ground, NCC/NSS, Auditorium"
Nexus Degree College,Indore,Madhya Pradesh,Government Aided,Arts / Humanities,31000,63,263,Merit,3.7,51%,Rs 3 LPA,"Startups, Small Agencies, Schools","Wi-Fi Campus, Library, Cafeteria, Basic Hostel, Sports Ground, NCC/NSS, Auditorium"
Eminent Girls College,Indore,Madhya Pradesh,Government,Arts / Humanities,46000,54,294,Merit,3.8,72%,Rs 2 LPA,"Startups, Small Agencies, Schools","Wi-Fi Campus, Library, Cafeteria, Basic Hostel, Sports Ground, NCC/NSS, Auditorium"
Pragyan Arts & Science College,Indore,Madhya Pradesh,Private,Arts / Humanities,50000,59,240,Merit,3.7,73%,Rs 3 LPA,"Startups, Small Agencies, Schools","Wi-Fi Campus, Library, Cafeteria, Computer Labs, Transport Facility, Seminar Hall"
Rani Ahilyabai Girls College,Indore,Madhya Pradesh,Government,Arts / Humanities,42000,68,458,Merit,3.5,68%,Rs 2 LPA,"Startups, Small Agencies, Schools","Wi-Fi Campus, Library, Cafeteria, Basic Hostel, Sports Ground, NCC/NSS, Auditorium"
Prestige Degree College,Indore,Madhya Pradesh,Government,Arts / Humanities,20000,67,250,Merit,3.6,62%,Rs 3 LPA,"Startups, Small Agencies, Schools","Wi-Fi Campus, Library, Cafeteria, Basic Hostel, Sports Ground, NCC/NSS, Auditorium"
Rajiv Gandhi College of Arts & Humanities,Indore,Madhya Pradesh,Government Aided,Arts / Humanities,45000,70,299,Merit,3.7,66%,Rs 2 LPA,"Startups, Small Agencies, Schools","Wi-Fi Campus, Library, Cafeteria, Basic Hostel, Sports Ground, NCC/NSS, Auditorium"
Saraswati College of Arts & Humanities,Indore,Madhya Pradesh,Private,Arts / Humanities,41000,71,248,Merit,3.8,63%,Rs 3 LPA,"Startups, Small Agencies, Schools","Wi-Fi Campus, Library, Cafeteria, Computer Labs, Transport Facility, Seminar Hall"
Maa Baweja Degree College,Indore,Madhya Pradesh,Private,Arts / Humanities,48000,66,401,Merit,4.1,72%,Rs 3 LPA,"Startups, Small Agencies, Schools","Wi-Fi Campus, Library, Cafeteria, Computer Labs, Transport Facility, Seminar Hall"
Apex Degree College,Indore,Madhya Pradesh,Government,Arts / Humanities,12000,74,485,Merit,4.2,60%,Rs 3 LPA,"Startups, Small Agencies, Schools","Wi-Fi Campus, Library, Cafeteria, Basic Hostel, Sports Ground, NCC/NSS, Auditorium"
Sunrise Arts College,Indore,Madhya Pradesh,Government Aided,Arts / Humanities,33000,68,309,Merit,4.1,61%,Rs 2 LPA,"Startups, Small Agencies, Schools","Wi-Fi Campus, Library, Cafeteria, Basic Hostel, Sports Ground, NCC/NSS, Auditorium"
Vision College of Arts & Humanities,Indore,Madhya Pradesh,Government Aided,Arts / Humanities,28000,70,310,Merit,3.7,59%,Rs 3 LPA,"Startups, Small Agencies, Schools","Wi-Fi Campus, Library, Cafeteria, Basic Hostel, Sports Ground, NCC/NSS, Auditorium"
Eminent College of Arts & Humanities,Indore,Madhya Pradesh,Private,Arts / Humanities,48000,53,456,Merit,3.7,51%,Rs 2 LPA,"Startups, Small Agencies, Schools","Wi-Fi Campus, Library, Cafeteria, Computer Labs, Transport Facility, Seminar Hall"
Swami Vivekananda Degree College,Indore,Madhya Pradesh,Government,Arts / Humanities,15000,50,371,Merit,3.5,58%,Rs 3 LPA,"Startups, Small Agencies, Schools","Wi-Fi Campus, Library, Cafeteria, Basic Hostel, Sports Ground, NCC/NSS, Auditorium"
Chanakya College of Arts & Humanities,Indore,Madhya Pradesh,Government Aided,Arts / Humanities,21000,60,262,Merit,4.0,52%,Rs 2 LPA,"Startups, Small Agencies, Schools","Wi-Fi Campus, Library, Cafeteria, Basic Hostel, Sports Ground, NCC/NSS, Auditorium"
Pragyan Arts College,Indore,Madhya Pradesh,Government Aided,Arts / Humanities,45000,61,212,Merit,4.1,58%,Rs 3 LPA,"Startups, Small Agencies, Schools","Wi-Fi Campus, Library, Cafeteria, Basic Hostel, Sports Ground, NCC/NSS, Auditorium"
Sunrise Arts & Science College,Indore,Madhya Pradesh,Government,Arts / Humanities,25000,60,338,Merit,3.8,56%,Rs 2 LPA,"Startups, Small Agencies, Schools","Wi-Fi Campus, Library, Cafeteria, Basic Hostel, Sports Ground, NCC/NSS, Auditorium"
Maharaja Arts College,Indore,Madhya Pradesh,Government,Arts / Humanities,23000,65,284,Merit,4.1,53%,Rs 2 LPA,"Startups, Small Agencies, Schools","Wi-Fi Campus, Library, Cafeteria, Basic Hostel, Sports Ground, NCC/NSS, Auditorium"
Pinnacle Girls College,Indore,Madhya Pradesh,Government Aided,Arts / Humanities,42000,65,270,Merit,3.8,61%,Rs 3 LPA,"Startups, Small Agencies, Schools","Wi-Fi Campus, Library, Cafeteria, Basic Hostel, Sports Ground, NCC/NSS, Auditorium"
Bright Arts & Science College,Indore,Madhya Pradesh,Private,Arts / Humanities,28000,56,336,Merit,4.1,59%,Rs 2 LPA,"Startups, Small Agencies, Schools","Wi-Fi Campus, Library, Cafeteria, Computer Labs, Transport Facility, Seminar Hall"
Rani Ahilyabai Arts & Science College,Indore,Madhya Pradesh,Private,Arts / Humanities,36000,57,381,Merit,3.6,71%,Rs 3 LPA,"Startups, Small Agencies, Schools","Wi-Fi Campus, Library, Cafeteria, Computer Labs, Transport Facility, Seminar Hall"
Indore Degree College,Indore,Madhya Pradesh,Private,Arts / Humanities,20000,58,286,Merit,3.7,69%,Rs 3 LPA,"Startups, Small Agencies, Schools","Wi-Fi Campus, Library, Cafeteria, Computer Labs, Transport Facility, Seminar Hall"
Paramount Arts College,Indore,Madhya Pradesh,Private,Arts / Humanities,17000,70,480,Merit,3.9,72%,Rs 3 LPA,"Startups, Small Agencies, Schools","Wi-Fi Campus, Library, Cafeteria, Computer Labs, Transport Facility, Seminar Hall"
Vidyapeeth College of Arts & Humanities,Indore,Madhya Pradesh,Government,Arts / Humanities,35000,58,413,Merit,3.6,63%,Rs 3 LPA,"Startups, Small Agencies, Schools","Wi-Fi Campus, Library, Cafeteria, Basic Hostel, Sports Ground, NCC/NSS, Auditorium"
Vikramaditya Arts College,Indore,Madhya Pradesh,Private,Arts / Humanities,37000,54,260,Merit,3.9,56%,Rs 3 LPA,"Startups, Small Agencies, Schools","Wi-Fi Campus, Library, Cafeteria, Computer Labs, Transport Facility, Seminar Hall"
Malwa Arts College,Indore,Madhya Pradesh,Government,Arts / Humanities,16000,62,443,Merit,3.7,58%,Rs 3 LPA,"Startups, Small Agencies, Schools","Wi-Fi Campus, Library, Cafeteria, Basic Hostel, Sports Ground, NCC/NSS, Auditorium"
Global Degree College,Indore,Madhya Pradesh,Private,Arts / Humanities,48000,65,344,Merit,3.9,64%,Rs 3 LPA,"Startups, Small Agencies, Schools","Wi-Fi Campus, Library, Cafeteria, Computer Labs, Transport Facility, Seminar Hall"
Central India College of Arts & Humanities,Indore,Madhya Pradesh,Government,Arts / Humanities,29000,65,210,Merit,4.0,60%,Rs 2 LPA,"Startups, Small Agencies, Schools","Wi-Fi Campus, Library, Cafeteria, Basic Hostel, Sports Ground, NCC/NSS, Auditorium"
Swami Vivekananda Arts College,Indore,Madhya Pradesh,Government Aided,Arts / Humanities,18000,72,332,Merit,3.6,66%,Rs 2 LPA,"Startups, Small Agencies, Schools","Wi-Fi Campus, Library, Cafeteria, Basic Hostel, Sports Ground, NCC/NSS, Auditorium"
Central India Institute of Business Management,Indore,Madhya Pradesh,Private,Management,231000,64,224,CAT,3.6,69%,Rs 2 LPA,"Local Banks, Startups, Sales Firms, Muthoot Finance","Wi-Fi Campus, Library, Cafeteria, Computer Labs, Transport Facility, Seminar Hall"
Pinnacle Management College,Indore,Madhya Pradesh,Private,Management,227000,61,190,CUET,4.2,61%,Rs 4 LPA,"Local Banks, Startups, Sales Firms, Muthoot Finance","Wi-Fi Campus, Library, Cafeteria, Computer Labs, Transport Facility, Seminar Hall"
Prime Institute of Management,Indore,Madhya Pradesh,Private,Management,197000,72,180,Merit,3.6,72%,Rs 3 LPA,"Local Banks, Startups, Sales Firms, Muthoot Finance","Wi-Fi Campus, Library, Cafeteria, Computer Labs, Transport Facility, Seminar Hall"
Horizon Business School,Indore,Madhya Pradesh,Private,Management,243000,67,126,CAT,3.9,81%,Rs 5 LPA,"Deloitte, KPMG, EY, PwC, HDFC Bank, ICICI Bank","Wi-Fi Campus, Library, Cafeteria, Computer Labs, Transport Facility, Seminar Hall"
Ahilya Management College,Indore,Madhya Pradesh,Private,Management,237000,72,176,Merit,3.8,57%,Rs 4 LPA,"Local Banks, Startups, Sales Firms, Muthoot Finance","Wi-Fi Campus, Library, Cafeteria, Computer Labs, Transport Facility, Seminar Hall"
Priyadarshini Management College,Indore,Madhya Pradesh,Private,Management,177000,56,100,CAT,3.9,87%,Rs 5 LPA,"Deloitte, KPMG, EY, PwC, HDFC Bank, ICICI Bank","Wi-Fi Campus, Library, Cafeteria, Computer Labs, Transport Facility, Seminar Hall"
Sri Krishna Institute of Business Management,Indore,Madhya Pradesh,Private,Management,245000,72,170,CUET,4.0,53%,Rs 3 LPA,"Local Banks, Startups, Sales Firms, Muthoot Finance","Wi-Fi Campus, Library, Cafeteria, Computer Labs, Transport Facility, Seminar Hall"
Vision Institute of Management,Indore,Madhya Pradesh,Private University,Management,91000,66,238,CUET,3.8,59%,Rs 4 LPA,"Local Banks, Startups, Sales Firms, Muthoot Finance","Wi-Fi Campus, Library, Cafeteria, AC Hostels, Olympic Sports Complex, Research Labs, Gym, Auditorium"
Mahakal Institute of Management,Indore,Madhya Pradesh,Private University,Management,242000,58,171,CUET,3.9,52%,Rs 4 LPA,"Local Banks, Startups, Sales Firms, Muthoot Finance","Wi-Fi Campus, Library, Cafeteria, AC Hostels, Olympic Sports Complex, Research Labs, Gym, Auditorium"
Gyan Institute of Business Management,Indore,Madhya Pradesh,Private,Management,145000,66,249,Merit,4.1,70%,Rs 4 LPA,"Local Banks, Startups, Sales Firms, Muthoot Finance","Wi-Fi Campus, Library, Cafeteria, Computer Labs, Transport Facility, Seminar Hall"
Narmada Institute of Management,Indore,Madhya Pradesh,Private University,Management,94000,63,140,CUET,3.7,89%,Rs 5 LPA,"Deloitte, KPMG, EY, PwC, HDFC Bank, ICICI Bank","Wi-Fi Campus, Library, Cafeteria, AC Hostels, Olympic Sports Complex, Research Labs, Gym, Auditorium"
Saraswati Institute of Management,Indore,Madhya Pradesh,Private University,Management,188000,65,145,Merit,3.9,79%,Rs 6 LPA,"Deloitte, KPMG, EY, PwC, HDFC Bank, ICICI Bank","Wi-Fi Campus, Library, Cafeteria, AC Hostels, Olympic Sports Complex, Research Labs, Gym, Auditorium"
Ahilya Institute of Management,Indore,Madhya Pradesh,Private,Management,132000,75,133,CUET,3.8,85%,Rs 5 LPA,"Deloitte, KPMG, EY, PwC, HDFC Bank, ICICI Bank","Wi-Fi Campus, Library, Cafeteria, Computer Labs, Transport Facility, Seminar Hall"
Elite Management College,Indore,Madhya Pradesh,Private,Management,191000,66,139,CUET,3.9,84%,Rs 6 LPA,"Deloitte, KPMG, EY, PwC, HDFC Bank, ICICI Bank","Wi-Fi Campus, Library, Cafeteria, Computer Labs, Transport Facility, Seminar Hall"
Apex Institute of Management,Indore,Madhya Pradesh,Private University,Management,215000,61,260,CAT,3.5,72%,Rs 4 LPA,"Local Banks, Startups, Sales Firms, Muthoot Finance","Wi-Fi Campus, Library, Cafeteria, AC Hostels, Olympic Sports Complex, Research Labs, Gym, Auditorium"
Future Institute of Business Management,Indore,Madhya Pradesh,Private,Management,99000,70,103,CUET,4.0,83%,Rs 6 LPA,"Deloitte, KPMG, EY, PwC, HDFC Bank, ICICI Bank","Wi-Fi Campus, Library, Cafeteria, Computer Labs, Transport Facility, Seminar Hall"
Zenith Institute of Management,Indore,Madhya Pradesh,Private University,Management,202000,70,263,CAT,3.9,65%,Rs 3 LPA,"Local Banks, Startups, Sales Firms, Muthoot Finance","Wi-Fi Campus, Library, Cafeteria, AC Hostels, Olympic Sports Complex, Research Labs, Gym, Auditorium"
Vidyapeeth Institute of Management,Indore,Madhya Pradesh,Private University,Management,217000,73,219,Merit,3.9,63%,Rs 4 LPA,"Local Banks, Startups, Sales Firms, Muthoot Finance","Wi-Fi Campus, Library, Cafeteria, AC Hostels, Olympic Sports Complex, Research Labs, Gym, Auditorium"
Central India Management College,Indore,Madhya Pradesh,Private,Management,144000,75,237,CAT,3.9,74%,Rs 3 LPA,"Local Banks, Startups, Sales Firms, Muthoot Finance","Wi-Fi Campus, Library, Cafeteria, Computer Labs, Transport Facility, Seminar Hall"
Malwa Management College,Indore,Madhya Pradesh,Private,Management,225000,67,291,CAT,3.6,63%,Rs 2 LPA,"Local Banks, Startups, Sales Firms, Muthoot Finance","Wi-Fi Campus, Library, Cafeteria, Computer Labs, Transport Facility, Seminar Hall"
Rani Ahilyabai Institute of Management,Indore,Madhya Pradesh,Private,Management,98000,57,240,CUET,3.8,71%,Rs 4 LPA,"Local Banks, Startups, Sales Firms, Muthoot Finance","Wi-Fi Campus, Library, Cafeteria, Computer Labs, Transport Facility, Seminar Hall"
Maharaja Institute of Business Management,Indore,Madhya Pradesh,Private University,Management,153000,78,138,CAT,3.9,79%,Rs 6 LPA,"Deloitte, KPMG, EY, PwC, HDFC Bank, ICICI Bank","Wi-Fi Campus, Library, Cafeteria, AC Hostels, Olympic Sports Complex, Research Labs, Gym, Auditorium"
Shivajirao Business School,Indore,Madhya Pradesh,Private,Management,134000,60,225,CUET,3.7,52%,Rs 3 LPA,"Local Banks, Startups, Sales Firms, Muthoot Finance","Wi-Fi Campus, Library, Cafeteria, Computer Labs, Transport Facility, Seminar Hall"
Nexus Institute of Business Management,Indore,Madhya Pradesh,Private,Management,170000,68,294,CAT,4.0,58%,Rs 2 LPA,"Local Banks, Startups, Sales Firms, Muthoot Finance","Wi-Fi Campus, Library, Cafeteria, Computer Labs, Transport Facility, Seminar Hall"
Royal Institute of Management,Indore,Madhya Pradesh,Private University,Management,132000,76,287,CUET,4.1,66%,Rs 4 LPA,"Local Banks, Startups, Sales Firms, Muthoot Finance","Wi-Fi Campus, Library, Cafeteria, AC Hostels, Olympic Sports Complex, Research Labs, Gym, Auditorium"
Sri Sai Management College,Indore,Madhya Pradesh,Private University,Management,175000,61,236,CAT,4.0,67%,Rs 3 LPA,"Local Banks, Startups, Sales Firms, Muthoot Finance","Wi-Fi Campus, Library, Cafeteria, AC Hostels, Olympic Sports Complex, Research Labs, Gym, Auditorium"
Shree Ram Pharmacy College,Indore,Madhya Pradesh,Private,Pharmacy,76000,65,338,Merit,3.8,53%,Rs 2 LPA,"Startups, Small Agencies, Schools","Wi-Fi Campus, Library, Cafeteria, Computer Labs, Transport Facility, Seminar Hall"
Rajiv Gandhi College of Pharmacy,Indore,Madhya Pradesh,Private,Pharmacy,85000,67,322,NEET,3.9,67%,Rs 3 LPA,"Startups, Small Agencies, Schools","Wi-Fi Campus, Library, Cafeteria, Computer Labs, Transport Facility, Seminar Hall"
Navin College of Pharmacy,Indore,Madhya Pradesh,Private,Pharmacy,86000,57,219,NEET,3.5,73%,Rs 3 LPA,"Startups, Small Agencies, Schools","Wi-Fi Campus, Library, Cafeteria, Computer Labs, Transport Facility, Seminar Hall"
Priyadarshini Pharmacy College,Indore,Madhya Pradesh,Private,Pharmacy,88000,68,270,Merit,3.8,64%,Rs 3 LPA,"Startups, Small Agencies, Schools","Wi-Fi Campus, Library, Cafeteria, Computer Labs, Transport Facility, Seminar Hall"
Shiva College of Pharmacy,Indore,Madhya Pradesh,Private,Pharmacy,103000,64,268,Merit,3.6,57%,Rs 2 LPA,"Startups, Small Agencies, Schools","Wi-Fi Campus, Library, Cafeteria, Computer Labs, Transport Facility, Seminar Hall"
Devi Ahilya Institute of Pharmaceutical Sciences,Indore,Madhya Pradesh,Private,Pharmacy,89000,75,303,NEET,3.6,53%,Rs 2 LPA,"Startups, Small Agencies, Schools","Wi-Fi Campus, Library, Cafeteria, Computer Labs, Transport Facility, Seminar Hall"
Devi Ahilya Pharmacy College,Indore,Madhya Pradesh,Private,Pharmacy,113000,59,292,NEET,3.6,50%,Rs 3 LPA,"Startups, Small Agencies, Schools","Wi-Fi Campus, Library, Cafeteria, Computer Labs, Transport Facility, Seminar Hall"
Aryabhatta Institute of Pharmaceutical Sciences,Indore,Madhya Pradesh,Private,Pharmacy,103000,66,150,NEET,4.0,85%,Rs 3 LPA,"Divi's Labs, Aurobindo Pharma, Retail Chains","Wi-Fi Campus, Library, Cafeteria, Computer Labs, Transport Facility, Seminar Hall"
Prestige College of Pharmacy,Indore,Madhya Pradesh,Private,Pharmacy,81000,72,230,Merit,3.8,56%,Rs 3 LPA,"Startups, Small Agencies, Schools","Wi-Fi Campus, Library, Cafeteria, Computer Labs, Transport Facility, Seminar Hall"
Vertex Pharmacy College,Indore,Madhya Pradesh,Private,Pharmacy,88000,74,270,NEET,4.1,58%,Rs 2 LPA,"Startups, Small Agencies, Schools","Wi-Fi Campus, Library, Cafeteria, Computer Labs, Transport Facility, Seminar Hall"
Swami Vivekananda Institute of Pharmaceutical Sciences,Indore,Madhya Pradesh,Private,Pharmacy,88000,66,325,Merit,4.0,59%,Rs 2 LPA,"Startups, Small Agencies, Schools","Wi-Fi Campus, Library, Cafeteria, Computer Labs, Transport Facility, Seminar Hall"
Narmada College of Pharmacy,Indore,Madhya Pradesh,Private,Pharmacy,88000,59,186,Merit,3.7,72%,Rs 3 LPA,"Startups, Small Agencies, Schools","Wi-Fi Campus, Library, Cafeteria, Computer Labs, Transport Facility, Seminar Hall"
Vikramaditya College of Pharmacy,Indore,Madhya Pradesh,Private,Pharmacy,110000,63,221,Merit,3.8,51%,Rs 2 LPA,"Startups, Small Agencies, Schools","Wi-Fi Campus, Library, Cafeteria, Computer Labs, Transport Facility, Seminar Hall"
Paramount College of Pharmacy,Indore,Madhya Pradesh,Private,Pharmacy,107000,75,187,Merit,3.6,63%,Rs 2 LPA,"Startups, Small Agencies, Schools","Wi-Fi Campus, Library, Cafeteria, Computer Labs, Transport Facility, Seminar Hall"
Malwa College of Pharmacy,Indore,Madhya Pradesh,Private,Pharmacy,114000,72,207,NEET,4.2,61%,Rs 3 LPA,"Startups, Small Agencies, Schools","Wi-Fi Campus, Library, Cafeteria, Computer Labs, Transport Facility, Seminar Hall"
Vidyapeeth Institute of Pharmaceutical Sciences,Indore,Madhya Pradesh,Private,Pharmacy,107000,74,226,NEET,3.7,70%,Rs 3 LPA,"Startups, Small Agencies, Schools","Wi-Fi Campus, Library, Cafeteria, Computer Labs, Transport Facility, Seminar Hall"
Central India College of Legal Studies,Indore,Madhya Pradesh,Private,Law,117000,74,152,Merit,3.7,61%,Rs 2 LPA,"Startups, Small Agencies, Schools","Wi-Fi Campus, Library, Cafeteria, Computer Labs, Transport Facility, Seminar Hall"
Global Law College,Indore,Madhya Pradesh,Private University,Law,129000,67,205,CLAT,4.2,53%,Rs 2 LPA,"Startups, Small Agencies, Schools","Wi-Fi Campus, Library, Cafeteria, AC Hostels, Olympic Sports Complex, Research Labs, Gym, Auditorium"
Bright Institute of Law,Indore,Madhya Pradesh,Private University,Law,98000,76,152,Merit,3.7,72%,Rs 3 LPA,"Startups, Small Agencies, Schools","Wi-Fi Campus, Library, Cafeteria, AC Hostels, Olympic Sports Complex, Research Labs, Gym, Auditorium"
Core Institute of Law,Indore,Madhya Pradesh,Private University,Law,68000,77,131,Merit,4.0,89%,Rs 8 LPA,"Local Law Firms, LPOs, Corporate Legal","Wi-Fi Campus, Library, Cafeteria, AC Hostels, Olympic Sports Complex, Research Labs, Gym, Auditorium"
Eminent Law College,Indore,Madhya Pradesh,Private University,Law,140000,64,227,Merit,4.0,58%,Rs 3 LPA,"Startups, Small Agencies, Schools","Wi-Fi Campus, Library, Cafeteria, AC Hostels, Olympic Sports Complex, Research Labs, Gym, Auditorium"
Vindhya Law College,Indore,Madhya Pradesh,Private University,Law,110000,61,116,Merit,3.9,87%,Rs 7 LPA,"Local Law Firms, LPOs, Corporate Legal","Wi-Fi Campus, Library, Cafeteria, AC Hostels, Olympic Sports Complex, Research Labs, Gym, Auditorium"
Vision College of Legal Studies,Indore,Madhya Pradesh,Private,Law,93000,70,208,Merit,3.8,68%,Rs 2 LPA,"Startups, Small Agencies, Schools","Wi-Fi Campus, Library, Cafeteria, Computer Labs, Transport Facility, Seminar Hall"
Indore Institute of Law,Indore,Madhya Pradesh,Private University,Law,138000,72,217,CLAT,4.0,63%,Rs 2 LPA,"Startups, Small Agencies, Schools","Wi-Fi Campus, Library, Cafeteria, AC Hostels, Olympic Sports Complex, Research Labs, Gym, Auditorium"
Core College of Legal Studies,Indore,Madhya Pradesh,Private,Law,73000,79,238,Merit,3.7,59%,Rs 3 LPA,"Startups, Small Agencies, Schools","Wi-Fi Campus, Library, Cafeteria, Computer Labs, Transport Facility, Seminar Hall"
Pioneer Law College,Indore,Madhya Pradesh,Private,Law,135000,75,138,Merit,4.0,76%,Rs 7 LPA,"Local Law Firms, LPOs, Corporate Legal","Wi-Fi Campus, Library, Cafeteria, Computer Labs, Transport Facility, Seminar Hall"
Pragyan College of Legal Studies,Indore,Madhya Pradesh,Private,Law,112000,67,215,Merit,3.5,53%,Rs 3 LPA,"Startups, Small Agencies, Schools","Wi-Fi Campus, Library, Cafeteria, Computer Labs, Transport Facility, Seminar Hall"
Pinnacle College of Education,Indore,Madhya Pradesh,Government Aided,Education,52000,51,233,Merit,3.7,67%,Rs 3 LPA,"Startups, Small Agencies, Schools","Wi-Fi Campus, Library, Cafeteria, Basic Hostel, Sports Ground, NCC/NSS, Auditorium"
Pioneer B.Ed College,Indore,Madhya Pradesh,Private,Education,38000,64,273,Merit,3.6,71%,Rs 3 LPA,"Startups, Small Agencies, Schools","Wi-Fi Campus, Library, Cafeteria, Computer Labs, Transport Facility, Seminar Hall"
Vikramaditya Teachers Training Institute,Indore,Madhya Pradesh,Private,Education,34000,58,245,Merit,4.1,67%,Rs 3 LPA,"Startups, Small Agencies, Schools","Wi-Fi Campus, Library, Cafeteria, Computer Labs, Transport Facility, Seminar Hall"
Narmada Teachers Training Institute,Indore,Madhya Pradesh,Government Aided,Education,35000,50,329,Merit,4.0,64%,Rs 2 LPA,"Startups, Small Agencies, Schools","Wi-Fi Campus, Library, Cafeteria, Basic Hostel, Sports Ground, NCC/NSS, Auditorium"
Modern College of Education,Indore,Madhya Pradesh,Private,Education,54000,63,320,Merit,3.6,65%,Rs 2 LPA,"Startups, Small Agencies, Schools","Wi-Fi Campus, Library, Cafeteria, Computer Labs, Transport Facility, Seminar Hall"
Shiva College of Education,Indore,Madhya Pradesh,Private,Education,46000,70,219,Merit,3.8,70%,Rs 3 LPA,"Startups, Small Agencies, Schools","Wi-Fi Campus, Library, Cafeteria, Computer Labs, Transport Facility, Seminar Hall"
Paramount B.Ed College,Indore,Madhya Pradesh,Government Aided,Education,32000,52,271,Merit,3.5,55%,Rs 2 LPA,"Startups, Small Agencies, Schools","Wi-Fi Campus, Library, Cafeteria, Basic Hostel, Sports Ground, NCC/NSS, Auditorium"
Prestige B.Ed College,Indore,Madhya Pradesh,Government Aided,Education,39000,50,267,Merit,3.6,51%,Rs 2 LPA,"Startups, Small Agencies, Schools","Wi-Fi Campus, Library, Cafeteria, Basic Hostel, Sports Ground, NCC/NSS, Auditorium"
Rani Ahilyabai Teachers Training Institute,Indore,Madhya Pradesh,Private,Education,39000,62,297,Merit,3.9,65%,Rs 3 LPA,"Startups, Small Agencies, Schools","Wi-Fi Campus, Library, Cafeteria, Computer Labs, Transport Facility, Seminar Hall"
Matrix College of Education,Indore,Madhya Pradesh,Government Aided,Education,30000,63,289,Merit,4.1,65%,Rs 2 LPA,"Startups, Small Agencies, Schools","Wi-Fi Campus, Library, Cafeteria, Basic Hostel, Sports Ground, NCC/NSS, Auditorium"
Paramount School of Architecture,Indore,Madhya Pradesh,Private University,Architecture,138000,73,82,NATA,3.6,86%,Rs 3 LPA,"Schools, Local Businesses, Media","Wi-Fi Campus, Library, Cafeteria, AC Hostels, Olympic Sports Complex, Research Labs, Gym, Auditorium"
Aryabhatta College of Architecture,Indore,Madhya Pradesh,Private University,Architecture,90000,75,117,NATA,4.1,79%,Rs 4 LPA,"Schools, Local Businesses, Media","Wi-Fi Campus, Library, Cafeteria, AC Hostels, Olympic Sports Complex, Research Labs, Gym, Auditorium"
Prime School of Architecture,Indore,Madhya Pradesh,Private,Architecture,120000,76,176,NATA,4.0,73%,Rs 3 LPA,"Startups, Small Agencies, Schools","Wi-Fi Campus, Library, Cafeteria, Computer Labs, Transport Facility, Seminar Hall"
